,Param,Sol,Obj Val,Mean Violation,Max Violation,Num Violations,Elapsed Time
0,"[0.17893296, 0.055639986, -0.8024776, -0.7795757, 0.33773017, -0.097072914, -0.63905823, 0.40805814, -0.86338013, -0.47003245, -0.060737763, 0.20765343, 0.0041211555, -0.18295993, 0.54950184, 0.8944651, -0.45896602, 0.6496001, 0.91241056, 0.6561456, -0.7512505, -0.111860804, 0.26789933, -0.1054833, -0.029009664, 0.48952112, -0.16824417, 0.090400726, -0.3162014, -0.07189811, 0.13356255, -0.970935, -0.61474323, -0.7614282, 0.6305187, -0.34060773, -0.6328262, 0.9546968, -0.24371381, 0.6008685, -0.2038559, 0.32705808, 0.5433489, 0.9965627, 0.7461847, -0.62262845, -0.555136, -0.78135586, 0.6962763, -0.66545564, 0.16167995, -0.6452552, 0.7030249, -0.6739043, 0.54239786, -0.84644884, 0.8823758, -0.25266227, 0.87907803, -0.975009, -0.8279666, -0.72725344, 0.93816525, 0.80641615, 0.59874463, -0.55229014, 0.500473, 0.030456496, -0.33656016, -0.2400543, -0.5594031, -0.88738203, 0.5653813, 0.5958216, -0.90586597, 0.8332465, -0.36890018, 0.94788975, -0.8340009, 0.82007635, 0.0111050345, 0.015380702, 0.27357376, 0.4501369, 0.9766156, -0.17583267, -0.21652502, 0.8542833, -0.19566795, -0.5299608, 0.6048652, 0.737858, 0.21296777, 0.4527122, -0.99123037, -0.8073072, -0.4189344, 0.57246333, 0.9713484, -0.26733765, -0.056968793, 0.055120934, -0.08236698, -0.08879794, -0.074758604, 0.034686882, -0.094498254, -0.07767503, 0.0090831015, 0.001093979, -0.014221575, -0.02826242, 0.067384265, 0.046277896, 0.030152384, -0.0963519, 0.043918323, -0.07694399, 0.078893706, 0.02569839, 0.08383754, -0.0686676, -0.0062931483, -0.05092832, -0.07589562, -0.052803792, 0.0402882, 0.09812105, -0.02713728, 0.024492597, 0.004194397, -0.074497014, -0.026985308, -0.08018674, 0.036252674, -0.022071106, -0.05945618, 0.026698632, 0.010677633, -0.098238714, -0.076794885, 0.01560843, 0.073495805, -0.0132456515, -0.07532168, 0.07653557, 0.02750134, -0.051412202, -0.05801368, 0.09290327, -0.059678443, -0.064722754, -0.024776261, 0.040588744, -0.088363975, -0.055429485, -0.011958858, 0.034870423, -0.025997285, -0.031783946, 0.09507661, -0.027102577, -0.024043538, 0.06685076, 0.038037505, 0.021780636, 0.08060612, -0.06093688, -0.0174909, -0.05201391, 0.062045775, 0.056573156, 0.093210705, -0.06477919, -0.004809467, 0.024300529, 0.030549347, 0.07476679, -0.095886074, -0.07276459, 0.03832804, -0.037831884, 0.0145585695, -0.016563438, 0.03696851, 0.07235477, 0.004443327, -0.054811507, 0.055663798, -0.036083404, 0.0894099, 0.035910726, -0.08269296, -0.07273791, -0.07931346, 0.075743556, -0.0041535324, -0.024467748, 0.013530988, 0.09779383]","[-16.0, -1.0, 0.0, -8.0, 0.0, 5.0, 1.0, 5.0, -29.0, 40.0, 2.0, 12.0, -22.0, -1.0, 27.0, -16.0, 5.0, 39.0, -9.0, 0.0, 5.0, -2.0, 18.0, 3.0, 6.0, -19.0, -19.0, 5.0, 21.0, 0.0, -23.0, -1.0, 5.0, -8.0, -1.0, -5.0, 5.0, -13.0, 2.0, 1.0, 2.0, -64.0, 0.0, -3.0, 26.0, -1.0, -2.0, 30.0, -2.0, -3.0, 11.0, -35.0, -47.0, -43.0, -13.0, 12.0, -67.0, -29.0, 25.0, 2.0, -2.0, 30.0, -2.0, -8.0, -50.0, 36.0, 0.0, 5.0, -3.0, -1.0, -31.0, -1.0, -35.0, 13.0, -31.0, 22.0, -2.0, -1.0, 2.0, 5.0, -29.0, 5.0, -1.0, -57.0, -33.0, 0.0, -2.0, 51.0, -12.0, 2.0, -10.0, -2.0, -1.0, -1.0, -3.0, -11.0, 27.0, 19.0, -7.0, 5.0]",69.07067851929027,0.0,0.0,0,10802.000284671783
1,"[0.6865436, -0.15392736, 0.44206536, 0.2144141, -0.28314555, -0.75683635, 0.7848446, 0.12382608, 0.18266515, 0.8341633, -0.81907654, 0.42493635, -0.2626742, 0.3918164, -0.60334444, -0.10521765, -0.15331121, -0.47220793, 0.00014370886, 0.34484616, 0.82366365, 0.38741148, 0.043934852, -0.85179865, 0.113897085, -0.91529095, -0.29591697, 0.7859561, 0.44422087, -0.009601589, 0.0144035565, 0.033835594, -0.21320313, -0.87391394, -0.2590304, 0.19549803, -0.1322174, 0.63106424, -0.930701, -0.95813465, 0.7411698, 0.12809297, 0.032830242, 0.42062044, -0.078425616, -0.32469255, 0.30141327, -0.48658234, -0.87162226, 0.84759235, -0.17491291, 0.93569016, 0.084082425, -0.019673327, 0.9877051, -0.71565664, -0.044770725, 0.8914312, 0.29154557, -0.59341145, -0.74169445, -0.48602724, 0.55063134, 0.93297964, -0.70074654, 0.8727944, 0.71255773, -0.79756796, 0.4292449, 0.6462272, -0.3512187, 0.11304213, -0.12546161, 0.27883187, 0.44027084, -0.2934702, -0.90860206, 0.5186783, -0.9431547, 0.12135652, 0.98514044, 0.09925075, 0.7472676, -0.4747563, 0.15549687, 0.38878423, -0.7660897, -0.57388026, -0.6580797, -0.029486544, 0.3521008, -0.5095567, 0.6059685, 0.025143947, 0.3054481, -0.03260002, -0.62844235, 0.6520013, -0.3937203, -0.3771031, -0.045457184, 0.081700645, -0.02298111, -0.044535436, -0.0116982665, -0.06477551, -0.08071866, -0.05476006, -0.08102491, -0.08457104, 0.03359289, -0.015107168, 0.05345967, 0.051133085, -0.06761215, 0.09011622, 0.041545097, -0.024771562, 0.027372671, 0.07436819, 0.05510265, 0.042292412, 0.017389156, -0.0049808053, 0.0069382535, 0.057426117, 0.013030918, -0.09363827, -0.016946513, -0.065236606, 0.04343596, -0.02632205, -0.019956758, -0.07451069, 0.0585998, 0.07084779, -0.07777186, 0.060288314, 0.0030296396, -0.00046606967, 0.059826043, -0.065714486, -0.034759473, -0.046699997, 0.070121296, -0.01628788, 0.03244692, -0.003851446, 0.014326379, -0.0563581, 0.097580545, -0.027138513, -0.052071683, -0.012177181, 0.033863463, 0.03386857, 0.09377062, -0.06740319, -0.08887422, -0.055301014, 0.045258675, 0.008830221, -0.0020331366, -0.098337606, 0.02027376, 0.028732155, 0.075103104, -0.012377926, 0.071207434, 0.083558805, 0.032723792, -0.008678491, -0.025902402, 0.072955534, -0.06326911, 0.07833225, 0.026344275, 0.059254177, 0.0756153, 0.014391571, -0.018112946, 0.053672977, -0.03043633, 0.054096628, -0.08400147, 0.0027441457, -0.055109903, 0.070964396, -0.054596044, 0.035328344, -0.020638788, 0.065610476, -0.043658525, 0.027361047, 0.020639818, -0.04356639, 0.043808263, 0.087788805, 0.030258121, 0.026361478]","[-3.0, -1.0, 12.0, 11.0, -3.0, -11.0, 1.0, 165.0, 88.0, -14.0, -1.0, -8.0, 0.0, -7.0, -8.0, -4.0, 5.0, 4.0, 80.0, -52.0, -4.0, 0.0, 115.0, -2.0, -4.0, -147.0, 50.0, -14.0, 1.0, -3.0, 42.0, 4.0, 3.0, -130.0, 4.0, -34.0, 2.0, 5.0, -1.0, 1.0, 73.0, -133.0, 142.0, 0.0, -2.0, -65.0, 143.0, 39.0, 1.0, -101.0, -1.0, 18.0, -5.0, -4.0, -1.0, -1.0, -135.0, -1.0, 15.0, 2.0, 21.0, 5.0, 5.0, 110.0, -3.0, -8.0, -1.0, -2.0, -2.0, 3.0, -114.0, 4.0, -5.0, 1.0, -66.0, -1.0, -137.0, 3.0, 0.0, 4.0, -22.0, -94.0, -2.0, 0.0, -8.0, 0.0, -2.0, -9.0, -5.0, 89.0, 2.0, -8.0, 1.0, 115.0, -3.0, -3.0, -27.0, -47.0, 0.0, -2.0]",662.2206038486719,0.0,0.0,0,10801.931942939758
2,"[0.7265219, -0.0737672, -0.9708793, -0.8757634, 0.30630362, 0.31525937, 0.29640448, 0.06858256, 0.8789589, 0.3596803, -0.9916851, 0.16724834, 0.40074202, -0.41074634, 0.4997793, 0.45938107, -0.52950174, 0.9906111, -0.06429895, -0.22538018, -0.42041913, 0.50889564, -0.8650737, 0.8641391, -0.25709164, 0.89390874, 0.35103726, 0.14827162, 0.75282824, 0.7687803, 0.37619734, -0.5689471, -0.8467184, 0.3817107, 0.35515127, 0.7431108, 0.34343934, -0.8880845, 0.45212007, -0.38151628, -0.8305031, 0.9524402, 0.9295762, 0.96457255, -0.6089119, -0.39237538, 0.96988463, 0.31699887, -0.25744274, 0.20479399, 0.7422732, 0.43982217, -0.4004963, -0.78241795, 0.25065684, -0.9440014, -0.92778814, -0.10283015, 0.45986345, -0.29792425, -0.9810843, 0.9528931, -0.42887837, 0.6689862, 0.2095148, -0.13431747, -0.20279393, 0.5607015, -0.15287992, 0.26150945, 0.28606716, -0.221052, -0.861277, -0.83074635, 0.71309656, -0.58042705, 0.52620006, -0.7406917, 0.88754517, -0.7841008, -0.9812779, 0.5086531, 0.76798636, -0.21136943, -0.9427448, 0.71893394, -0.31853884, 0.90664494, 0.59015054, 0.1734064, 0.40695155, 0.25907713, 0.43247464, 0.047820803, 0.18101905, -0.042368494, -0.24774818, -0.9393514, -0.78541636, -0.79055244, 0.05082622, 0.08284714, -0.05828183, 0.009846298, -0.025299838, -0.071962856, 0.045698456, -0.037284914, -0.028565446, 0.0033574002, 0.039019227, 0.03985938, 0.080879055, -0.033973914, 0.02392575, 0.05882303, -0.026613865, -0.03998347, 0.019744178, -0.066430636, -0.035078183, 0.023910098, -0.027030686, -0.07769762, -0.07850262, 0.08653505, 0.057114687, -0.04843201, 0.042841893, -0.036109496, -0.0079943575, 0.03320039, -0.08684137, -0.055612814, 0.019562308, 0.0708791, 0.030437304, 0.07683754, 0.035521373, -0.0135591, -0.09933327, -0.096527815, -0.049551666, 0.006954477, 0.047527116, -0.079569645, -0.06593635, -0.084315196, 0.03600243, -0.04307615, -0.059600636, 0.013124526, 0.016493302, 0.016778946, -0.090754695, -0.0042522303, 0.09602132, 0.081371926, 0.029400468, -0.09935551, 0.054255363, -0.081913084, 0.06488826, 0.076400235, -0.07838152, 0.09962416, -0.087276414, 0.08108919, 0.08049792, -0.04777494, 0.03285016, -0.07468079, 0.049313683, 0.067544825, -0.084993765, 0.019640567, -0.060474113, 0.08488625, -0.09027058, 0.0018140909, 0.08855635, 0.020825427, 0.06397536, 0.06343503, 0.022021048, -0.0034115592, 0.050778165, 0.051686823, 0.040901218, -0.06771841, 0.004828668, -0.046673007, 0.047010355, 0.06634301, 0.07927767, -0.067804046, -0.0027721624, -0.07555216, -0.05105927, -0.0694249]","[1.0, -2.0, 11.0, 33.0, 3.0, -37.0, 2.0, 5.0, 0.0, -1.0, 0.0, 31.0, -2.0, -1.0, -25.0, -3.0, 35.0, 0.0, 11.0, 5.0, -31.0, 5.0, 0.0, -30.0, 4.0, -23.0, -11.0, -19.0, -3.0, -22.0, 5.0, -2.0, 39.0, -68.0, 5.0, -51.0, 1.0, 21.0, 0.0, 11.0, -30.0, -73.0, 43.0, -3.0, -1.0, 30.0, -4.0, -12.0, 36.0, -1.0, 1.0, 8.0, 0.0, -3.0, -1.0, 54.0, -26.0, -43.0, 41.0, -10.0, -3.0, -11.0, 50.0, 24.0, -4.0, -51.0, 0.0, -5.0, 0.0, 2.0, -23.0, 100.0, -50.0, 4.0, -46.0, -20.0, -52.0, 17.0, -1.0, -1.0, 0.0, -59.0, -1.0, -42.0, 54.0, -1.0, -1.0, 0.0, -48.0, 22.0, 5.0, -2.0, 1.0, 33.0, -4.0, 51.0, 5.0, 0.0, 5.0, -32.0]",130.26436082326694,0.0,0.0,0,10801.832570314407
3,"[-0.064264774, -0.41415405, -0.6203133, -0.22297664, -0.40907338, -0.30580872, 0.3197233, -0.12407706, 0.5872588, 0.89055955, 0.16359243, -0.068423696, -0.6872398, -0.55386066, -0.48062113, 0.8931288, -0.38400355, 0.67753583, 0.24880227, -0.18600798, -0.3570597, -0.8288737, 0.7542704, -0.08574939, -0.20326097, 0.33471215, -0.6655916, 0.49418408, -0.58661336, 0.7055498, -0.50829774, 0.27655035, 0.5951252, 0.35447088, 0.6157759, -0.5957274, -0.19511518, 0.67185974, 0.9903985, -0.8970413, 0.5484746, 0.39671496, 0.90345407, -0.011041165, -0.39413634, 0.4524206, 0.6399314, -0.85240835, -0.34382096, 0.4143623, 0.982811, -0.80867225, 0.98117447, -0.21393242, 0.9788577, 0.37442484, 0.45787203, -0.6874781, -0.78646713, -0.9327537, -0.61995935, 0.8935577, -0.69124067, -0.023879178, -0.60253775, -0.83766526, 0.08140338, 0.46489203, 0.7547647, 0.10869875, 0.8835017, -0.29332176, 0.6778934, -0.99815494, -0.119102314, -0.319768, -0.38917595, 0.03717205, -0.6080238, 0.6414306, 0.85577506, 0.2702323, 0.3367807, -0.07286642, -0.04903912, -0.9832479, -0.048160866, -0.17064464, 0.6113157, 0.8970457, -0.3163934, -0.93210477, 0.3208189, -0.40261227, 0.450338, 0.768619, 0.206713, 0.3494804, 0.07343581, -0.31589335, -0.053040624, -0.08768265, -0.0481377, -0.06035286, 0.06440324, -0.0640665, -0.006154819, -0.021867914, 0.023366328, 0.083536446, 0.09517338, -0.07329954, 0.0019008081, 0.0633939, 0.036532678, -0.02415503, 0.07151613, 0.03936206, 0.017677737, -0.046232555, -0.0022590365, 0.09395432, -0.060272094, 0.029928902, 0.016230471, -0.07730533, -0.061468504, -0.041962378, -0.06149801, 0.036872823, -0.02886602, 0.029829863, -0.07701346, 0.07041664, -0.0037543075, -0.011786894, 0.08289508, 0.043337326, 0.008785111, 0.050824042, -0.054554813, 0.026631156, -0.051700454, 0.038631883, -0.06715328, 0.036574587, -0.037309118, -0.052182056, -0.08454109, 0.020892905, -0.08032262, 0.0759015, -0.00010321615, 0.08199945, -0.046140738, -0.0036672954, -0.081207484, -0.034886707, 0.077716775, -0.014274728, 0.028684968, 0.079981886, 0.008862953, -0.057504073, 0.009182544, -0.0015257995, -0.097707435, -0.027249917, 0.09668096, 0.017879732, 0.036966387, 0.047390822, 0.09918929, 0.049007162, -0.047772456, 0.060522333, 0.04613362, 0.022339186, -0.027423067, -0.08856965, 0.019079769, -0.030080017, 0.009653129, -0.016613422, 0.09089345, 0.0526957, 0.050843503, 0.0011797295, 0.07085645, -0.09772775, -0.05169521, 0.0077236174, -0.043235656, -0.086008005, 0.07321746, 0.017959645, -0.037848566, 0.012613942, 0.06363371, 0.022618145]","[9.0, 1.0, 10.0, 5.0, 5.0, 1.0, 1.0, 0.0, -4.0, 16.0, 1.0, -13.0, 0.0, 9.0, 5.0, -11.0, 6.0, 11.0, 17.0, -9.0, -13.0, 2.0, 18.0, 2.0, -1.0, -2.0, -1.0, -8.0, -1.0, -2.0, 5.0, -1.0, 2.0, -6.0, 3.0, -3.0, 3.0, -7.0, -1.0, 1.0, -1.0, -27.0, 9.0, 0.0, -1.0, -3.0, 4.0, 24.0, 2.0, -1.0, -1.0, -1.0, -2.0, -13.0, 1.0, 14.0, -16.0, -1.0, 9.0, -7.0, 2.0, 0.0, -1.0, 5.0, -1.0, -6.0, 0.0, -1.0, -2.0, 1.0, -10.0, 14.0, -2.0, 1.0, -13.0, -1.0, -1.0, 0.0, 1.0, 2.0, -1.0, -7.0, 1.0, -14.0, -7.0, 0.0, -1.0, 8.0, -15.0, 1.0, -1.0, -3.0, 0.0, 4.0, -2.0, 5.0, 0.0, 1.0, 0.0, -2.0]",6.576260938914802,0.0,0.0,0,10802.260874271393
4,"[0.55912817, 0.403128, 0.5899062, 0.7473353, 0.723207, -0.20940208, 0.657072, 0.97768635, 0.027608871, 0.011996892, -0.74756634, -0.12630758, 0.58389115, 0.38992333, 0.07789795, -0.48560324, 0.86626554, -0.5978165, 0.024830485, -0.110653564, -0.15415308, -0.54546857, 0.744656, 0.33790272, -0.23520075, -0.35092354, -0.9842953, 0.4904906, 0.03455527, 0.42381966, -0.20085478, 0.67427045, 0.020979254, -0.01806342, 0.677212, -0.18777424, -0.83732575, -0.34791774, 0.56032985, -0.2885971, -0.4699547, 0.4118609, -0.43560797, 0.79191476, 0.51673687, -0.7598476, 0.68804514, -0.53203243, -0.5460188, 0.7337077, 0.47896028, -0.91720575, -0.11931481, 0.55364096, 0.32565284, -0.7145345, 0.677165, 0.82403624, -0.4474767, -0.3730654, 0.59580207, -0.16608627, -0.4520164, -0.80904496, 0.12868732, 0.37852734, -0.054160498, 0.58787596, -0.23483595, -0.098885685, -0.02345839, 0.4251847, -0.82257384, -0.3585201, 0.11691025, 0.8635736, -0.90335596, 0.7310866, -0.14795034, 0.9583827, 0.11244531, 0.36026165, 0.7366078, 0.43701386, -0.34029388, 0.2262976, -0.04896166, 0.8857203, -0.49567342, -0.25525957, -0.41028866, -0.07295539, 0.034398586, 0.031951968, -0.51910776, -0.8114075, -0.8508607, -0.32362667, 0.5031484, 0.7915738, -0.058287036, 0.09610428, -0.015054283, -0.028414935, -0.085404165, -0.061726175, 0.09253136, 0.091105275, -0.030592622, -0.09528627, 0.04755356, 0.07714347, 0.01062306, 0.053802416, 0.07671704, -0.035514966, -0.09111683, 0.036921863, -0.09600674, 0.0734101, -0.014640079, 0.07766441, -0.094457686, 0.086461805, 0.008009429, -0.015573281, -0.048589304, -0.06763074, -0.066347755, -0.06701398, 0.037709404, 0.033703025, 0.09816751, -0.051078252, -0.09339718, 0.0902493, 0.042983394, 0.054467466, 0.007051147, -0.09570732, 0.07516162, 0.072883934, -0.043941103, 0.021751868, -0.0026180008, 0.0027632897, 0.004570432, 0.043325547, 0.013146848, 0.017342072, -0.068250656, 0.04449583, -0.006978525, -0.0059072515, -0.013374396, 0.011088215, 0.040157598, -0.09786633, 0.06431633, -0.070603475, -0.04241414, 0.044896405, 0.08892606, -0.08468544, -0.0031192831, 0.030037194, 0.07668821, 0.073472485, 0.020401735, 0.057639107, 0.06154232, 0.00990597, 0.014875534, -0.021015996, 0.06440708, 0.045448408, -0.08753998, -0.023281131, -0.04919536, 0.07105069, 0.045658138, 0.010687815, 0.07210588, 0.059278093, 0.07563739, -0.056790404, -0.005295563, 0.019113414, 0.09833779, -0.0003915019, -0.039381906, -0.00047221876, -0.042286668, -0.00799837, -0.03579143, -0.014478103, 0.091283984, 0.09917148, -0.07846426, -0.02848021]","[-3.0, -11.0, 19.0, 12.0, 0.0, -2.0, 17.0, 9.0, 13.0, 16.0, 1.0, 5.0, -1.0, -1.0, 5.0, -3.0, 2.0, 3.0, 2.0, -18.0, 0.0, 7.0, 1.0, -1.0, 2.0, -2.0, -15.0, -15.0, 0.0, 0.0, -10.0, -1.0, 34.0, 0.0, -1.0, -4.0, 0.0, 5.0, 3.0, 0.0, 0.0, -19.0, 10.0, -22.0, 0.0, 2.0, 5.0, 4.0, -1.0, 6.0, -1.0, -2.0, 0.0, -10.0, 0.0, 0.0, -30.0, -1.0, 20.0, 1.0, 3.0, 12.0, 36.0, -3.0, -11.0, 5.0, -1.0, 0.0, -2.0, 1.0, -18.0, 26.0, -14.0, -2.0, -14.0, 1.0, -2.0, 1.0, 5.0, -1.0, 0.0, -4.0, -8.0, -25.0, -1.0, -1.0, -2.0, 40.0, -18.0, 0.0, -1.0, -2.0, -1.0, 5.0, -5.0, 31.0, 0.0, 0.0, 0.0, 1.0]",16.612492614613828,0.0,0.0,0,10802.02504491806
5,"[-0.97543484, -0.24430461, -0.51944596, 0.80596495, 0.849071, 0.3136463, -0.17363724, -0.21974014, -0.010204411, 0.7762501, 0.36970532, 0.16303009, -0.14908777, -0.75607526, -0.86107403, 0.4885685, -0.8695917, -0.6369073, 0.22637577, 0.444045, 0.45357177, -0.7016442, -0.115134455, -0.7420374, -0.62014747, -0.5506937, -0.24333026, -0.43719447, 0.9953148, 0.0771611, 0.4224764, 0.6022581, -0.787367, 0.8092776, 0.19518763, -0.063230686, -0.47411856, -0.52968377, 0.6860803, 0.83979845, 0.8669619, 0.47058132, -0.96002054, -0.8025869, -0.896684, 0.71004766, -0.3616316, 0.5038284, -0.7173896, -0.8166763, 0.7316365, -0.19928786, -0.24098259, 0.53429437, -0.67394423, -0.4766719, 0.19334246, -0.4632927, -0.7337383, -0.9405876, 0.9891662, -0.03934124, -0.70874006, 0.79754454, -0.2953283, -0.5151468, 0.9701318, 0.17890169, -0.31115568, 0.9288615, 0.04086502, 0.34400806, -0.7312773, -0.51188886, 0.25245678, -0.19300206, 0.066660166, 0.42182502, -0.71461064, -0.970495, 0.06827921, 0.61655384, -0.79890954, 0.41819388, -0.41648316, -0.49353495, -0.5646109, 0.618349, 0.58305573, 0.31976855, -0.10004983, 0.26283786, -0.57328695, 0.7393956, 0.64380014, 0.11625603, 0.2623293, -0.72222596, 0.9762233, -0.64567924, 0.020342583, 0.041863054, 0.038137212, 0.074305154, -0.048265595, -0.0753817, 0.0034215406, 0.042289384, -0.04559804, 0.082427844, 0.0578846, 0.07778858, 0.0772978, -0.051228516, -0.0698542, 0.055322535, -0.06561623, 0.026897812, -0.09848483, 0.092961974, -0.06483654, -0.058479182, 0.0865621, 0.09018317, -0.07640113, 0.037575558, -0.07475502, 0.096087284, -0.065214805, -0.07395184, -0.007156128, 0.0790524, -0.025583966, 0.041584995, 0.06784765, 0.08162291, -0.090397075, 0.017887421, 0.03933335, 0.082598, -0.059657693, -0.061258238, -0.034868572, 0.043489583, -0.06981218, -0.023390584, 0.08235605, 0.032888927, 0.0771673, 0.08393895, -0.02827343, 0.0218493, 0.036304325, 0.04855602, 0.0729365, -0.09086697, 0.0929119, 0.053777713, -0.069933385, -0.07635587, -0.07248435, -0.022615656, -0.027270596, 0.04579912, 0.09325256, -0.012665307, 0.030952895, -0.04745878, 0.02290787, 0.029558072, -0.08136344, 0.009765779, 0.04722324, 0.0035939487, 0.07809608, 0.09790839, 0.076188765, -0.021178069, -0.016827442, -0.008252544, -0.004461511, -0.022465922, -0.059909627, 0.028397042, -0.022961523, 0.013190411, 0.09700457, -0.033499297, 0.050335307, 0.021774204, 0.08447253, 0.0938387, 0.03095921, -0.047478624, 0.06079258, 0.087327, 0.0028928495, -0.09571583, -0.038225982, -0.08963262]","[-17.0, 2.0, 6.0, 5.0, 0.0, 3.0, 2.0, 37.0, 5.0, 2.0, -2.0, -8.0, 17.0, 2.0, -23.0, -77.0, -1.0, 3.0, 4.0, -3.0, -1.0, 5.0, -2.0, 24.0, -1.0, -9.0, -3.0, -37.0, 4.0, 5.0, -4.0, 0.0, 7.0, -28.0, -16.0, 5.0, -1.0, 28.0, 2.0, 3.0, 2.0, -46.0, 5.0, -4.0, 0.0, 0.0, 40.0, 5.0, -2.0, -2.0, -51.0, -2.0, 3.0, -45.0, -17.0, 0.0, -42.0, 5.0, 29.0, -2.0, 0.0, 0.0, 34.0, -26.0, -3.0, -25.0, -34.0, 5.0, 0.0, 2.0, -10.0, 21.0, -32.0, 4.0, -32.0, -7.0, -71.0, 60.0, 3.0, -3.0, 5.0, -39.0, 7.0, 5.0, -30.0, 55.0, 0.0, 49.0, -56.0, 0.0, -2.0, -9.0, 0.0, -1.0, -3.0, 86.0, 0.0, -1.0, 5.0, 1.0]",122.55169385281505,0.0,0.0,0,10801.876074314117
6,"[-0.8964823, 0.017486235, -0.27935752, 0.6222943, 0.580214, 0.37840328, -0.23043253, 0.26247254, 0.2796975, -0.33560026, 0.75994974, 0.96971506, -0.37112007, 0.6024546, 0.001816533, -0.0726952, -0.22687419, -0.41594937, 0.8390157, 0.4816301, -0.11859414, 0.50312924, 0.43719938, -0.465325, -0.6477354, 0.67259836, 0.62281245, 0.99372536, -0.96127343, 0.08076137, 0.4026455, 0.16508013, 0.42088404, -0.7254776, -0.996968, -0.8139359, -0.23988037, -0.34213343, 0.7480062, -0.83294743, -0.11458771, 0.9156449, 0.0058074957, -0.7351998, -0.41746566, 0.25358295, -0.97602105, 0.9362007, 0.13395366, 0.40827838, -0.0020777835, 0.9158484, 0.1784421, 0.3239674, 0.7216751, 0.7231133, -0.9436573, -0.43339825, -0.50736374, -0.9867102, 0.7535651, -0.36571985, -0.30609453, -0.8007552, 0.9794426, 0.6525023, 0.14372462, 0.54386073, 0.5542262, 0.31346262, -0.65197766, 0.44062972, 0.13923484, 0.4481438, 0.086906426, 0.9126741, 0.25405085, 0.14736089, 0.68557644, -0.24152689, -0.36841267, 0.006337667, 0.16893502, -0.5590358, 0.36456302, 0.6047494, 0.15463966, 0.045927126, -0.41071555, 0.81916606, 0.50899947, -0.039426263, 0.31821382, -0.32624125, -0.88036513, -0.5921448, -0.84102374, 0.016351363, 0.24412726, -0.23910742, -0.07917151, 0.019145539, 0.030838361, -0.004508684, -0.007901965, 0.0016948883, 0.045065127, 0.009090679, 0.02978558, -0.05192333, -0.050441545, -0.041433588, -0.06424243, 0.04661652, -0.026695903, 0.026664471, 0.0633878, -0.093033254, 0.024818547, 0.080257885, -0.03405899, -0.0783243, -0.021719446, 0.031007737, 0.07699356, 0.05390673, -0.03585761, 0.077156, -0.00551656, -0.030641831, 0.09062843, -0.034120232, -0.029916748, -0.014951568, -0.07092957, -0.047237273, 0.07238938, -0.050043147, 0.010027303, 0.09028736, 0.059529886, 0.08963249, 0.02187078, 0.07584759, 0.021499747, -0.04468107, 0.07864356, -0.019135337, -0.031786136, 0.074000575, 0.0048149144, -0.0731861, 0.04154401, -0.03794347, 0.028099498, 0.08119813, -0.081875995, -0.015070821, 0.06643982, 0.09958511, 0.07677834, -0.09618466, -0.055541053, 0.040206928, -0.06823872, 0.063010626, -0.0077103623, 0.08275122, -0.06573679, 0.03151716, 0.03721222, -0.031078665, -0.09162383, -0.082846075, 0.020418623, -0.008003878, -0.022610737, -0.065545574, -0.041112836, 0.030451773, 0.027407443, 0.09896635, -0.047437217, -0.013913349, 0.06915113, 0.06183441, 0.025585348, -0.025175137, 0.07093483, 0.009170815, -0.016324947, 0.014902762, 0.02746997, 0.0426801, 0.01878562, 0.03093221, -0.028198894, 0.015852539, 0.010679663, 0.0401768]","[2.0, -1.0, 8.0, -3.0, -4.0, -2.0, -1.0, 2.0, 5.0, 5.0, -1.0, -1.0, -1.0, 0.0, 5.0, -19.0, 2.0, 1.0, 0.0, -8.0, 1.0, -1.0, 0.0, -1.0, 7.0, 2.0, -13.0, -17.0, -1.0, 0.0, -10.0, 0.0, 17.0, -19.0, -4.0, -13.0, 1.0, -1.0, 12.0, 5.0, 0.0, -18.0, 13.0, 0.0, 2.0000000000000004, 0.0, 1.0, 12.0, -1.0, -3.0, 0.0, 5.0, -6.0, -14.0, 0.0, 21.0, -16.0, 0.0, 2.0, 0.0, -2.0, 0.0, 12.0, 8.0, 0.0, -13.0, 5.0, 0.0, -1.0, 1.0, -1.0, 20.0, -3.0, 1.0, -13.0, 6.0, -1.0, 0.0, 8.0, 13.0, -3.0, -2.0, -7.0, -14.0, -1.0, -1.0, -1.0, 15.0, -2.0, 1.0, 5.0, -2.0, 1.0, 15.0, -1.0, 20.0, 0.0, 1.0, 0.0, -2.0]",8.953098615349434,0.0,0.0,0,10802.376464128494
7,"[0.8810774, 0.04811751, 0.9853463, -0.04626928, -0.11906426, -0.42324075, -0.6682105, -0.30081996, 0.01637361, 0.47210196, 0.37252563, -0.09691701, 0.23959856, -0.8809655, -0.41224587, -0.58590084, 0.5135794, 0.63063455, -0.95669526, 0.9986058, -0.19755737, 0.39112684, -0.09690873, 0.50561965, -0.034289338, 0.03773021, -0.94632083, -0.6015562, 0.03748813, -0.7203227, 0.8571765, -0.1975006, 0.41019973, -0.42975062, 0.15791073, -0.07216121, -0.8334139, -0.40222937, 0.12585981, -0.05438461, 0.8130131, 0.55337924, -0.44298917, -0.029741636, -0.7650629, -0.98381513, 0.26316363, -0.095921196, 0.30514547, -0.47932914, 0.7268899, -0.96436006, -0.98663086, 0.3417264, 0.42423284, 0.06632817, -0.3787499, -0.75242645, -0.968742, -0.9399492, 0.612725, -0.42635077, 0.43918574, -0.4649874, -0.13216944, -0.48946336, -0.39459023, -0.8055465, -0.19428773, 0.55970365, -0.57378113, -0.39596045, 0.9411222, 0.95459616, -0.9353608, 0.25640726, 0.16943127, -0.8235188, 0.034097787, -0.84291995, -0.7489718, -0.36954126, -0.2978989, 0.41834858, 0.4670307, 0.25342694, 0.11471957, 0.17750312, -0.7093982, -0.6162089, 0.3228819, -0.5307525, 0.23380578, 0.93985635, -0.72601193, 0.94847333, 0.14536928, 0.6615743, -0.5795956, -0.8974759, 0.04003096, 0.024444504, 0.024514375, 0.048968144, -0.087708995, 0.07518219, 0.056150496, -0.07698977, 0.01751345, -0.058799688, -0.058523886, 0.067052476, 0.04373295, 0.07852894, -0.06613177, 0.05239447, 0.04745927, -0.040596224, -0.060245913, 0.07603161, -0.027208025, -0.084782295, 0.095570736, -0.04116615, 0.0047288905, -0.084328674, -0.0431167, 0.043700576, 0.026468163, 0.018441193, -0.055806108, -0.094070114, 0.031410106, 0.058170926, -0.059859276, 0.02780568, 0.014669519, 0.013830308, -0.0302766, 0.09946953, 0.059365604, -0.034291383, -0.042113792, -0.07306325, -0.0074483994, -0.013910968, -0.0062880768, 0.0071657854, 0.017410843, 0.0013653046, -0.035519134, -0.04538583, 0.01947378, 0.020894678, -0.07661786, 0.057360172, 0.09723202, 0.02744428, -0.034160312, 0.01893881, -0.09815799, 0.091704495, -0.0985348, 0.037076324, 0.0692793, 0.044446506, 0.09412981, 0.08661757, 0.004758935, 0.048939157, -0.09464465, -0.066628344, -0.055785544, -0.052363344, -0.08231622, -0.09302445, -0.0025414752, -0.07618623, 0.01836716, -0.08459102, -0.029610014, -0.055593304, -0.009177953, -0.057658512, -0.053687207, -0.025632756, 0.07652822, 0.09903984, -0.09043626, 0.0073479945, 0.018540429, -0.04435113, -0.0774994, -0.07597937, -0.018337188, -0.022765094, 0.0073394743, 0.0429081, 0.053493384, -0.089197256]","[5.0, 5.0, 68.0, -16.0, -2.0, -2.0, -1.0, 3.0, 14.0, 0.0, 0.0, 35.0, -1.0, 35.0, 0.0, -50.0, 5.0, -2.0, 28.0, -79.0, 2.0, 18.0, 24.0, -1.0, -3.0, -21.0, -58.0, 15.0, 2.0, 5.0, 53.0, -1.0, 0.0, -8.0, -1.0, -8.0, 10.0, -1.0, 0.0, -9.0, 3.0, -63.0, 63.0, -13.0, 4.0, -32.0, 0.0, 68.0, -1.0, 0.0, 2.0, 53.0, -1.0, 6.0, 23.0, 0.0, -90.0, -3.0, 0.0, 1.0, -14.0, 23.0, 90.0, 105.0, 32.0, -16.0, 1.0, 36.0, -37.0, 124.0, -33.0, 6.0, -60.0, 2.0, -51.0, 54.0, -39.0, -1.0, -1.0, 5.0, -2.0, -8.0, 6.0, -63.0, 3.0, 1.0, -1.0, 76.0, -3.0, 15.0, 0.0, -2.0, 1.0, 50.0, 0.0, 39.0, 6.0, 2.0, -21.0, -2.0]",216.55748773574922,0.0,0.0,0,10802.079333543777
8,"[0.40170977, -0.09967071, -0.22031832, 0.28906226, -0.9702321, 0.28768998, -0.6701771, -0.069356866, -0.5542209, 0.86543024, 0.28870633, -0.8735368, 0.50665605, 0.2884869, -0.24565691, -0.7443624, 0.75111717, 0.4249487, -0.6812118, 0.06775362, -0.2657517, -0.6567783, -0.2641568, 0.41733772, 0.5893813, -0.7067465, -0.85315377, 0.08437466, 0.1496576, -0.96642756, 0.7860452, -0.15299015, 0.5001758, -0.49883384, -0.00891569, 0.6148296, -0.39992407, -0.3964732, -0.13764125, 0.6317123, 0.8745581, -0.29244047, -0.18542208, 0.056173805, 0.92139494, -0.790373, -0.40670523, 0.5876841, -0.6617455, -0.796921, 0.6817052, 0.77047116, -0.4186049, -0.031588152, 0.20531558, 0.32509032, 0.8975636, 0.080600806, -0.59765893, 0.29025418, 0.18356414, -0.6991844, -0.7177478, -0.18980272, -0.79246944, -0.9047749, -0.08474197, -0.40078923, -0.5421264, 0.0040671392, 0.11222032, 0.7071346, 0.723899, -0.30948114, -0.5051097, -0.85350317, 0.66333586, -0.21561341, 0.9553555, -0.009355728, 0.8487988, -0.7959091, -0.020591687, 0.17394942, 0.52019906, 0.8889718, 0.3402503, 0.7684723, 0.2594692, -0.14568892, 0.903017, 0.62080246, 0.73051876, -0.5263514, -0.4509456, -0.23341717, 0.77617484, 0.005804478, 0.29347286, 0.9714203, 0.022444764, -0.0017129811, -0.07690932, -0.07576594, 0.038360152, 0.08380443, -0.09536177, -0.059912518, 0.057685275, -0.08568757, 0.05104022, 0.06931048, 0.054753456, 0.013371304, -0.08159118, -0.013762982, -0.021207131, -0.06285806, 0.057882056, 0.07838455, -0.057174508, 0.0041491715, -0.011980809, 0.094711676, 0.03226564, 0.029842446, 0.06111724, 0.02390776, -0.067718156, 0.067186765, 0.055179086, 0.03960971, -0.023621486, -0.06271411, 0.020382496, 0.069341004, 0.02100548, -0.043997273, 0.0076795686, 0.011025444, 0.016576951, -0.059142474, 0.052597016, 0.09748299, 0.01678679, -0.06676667, -0.044542726, 0.09789656, 0.01760551, 0.06743338, 0.037163414, -0.021304667, -0.008426684, 0.07924172, -0.008107731, 0.04296589, -0.0024288625, 0.076626666, -0.017383894, -0.06587244, -0.03279557, 0.052816853, 3.9642997e-05, -0.04871786, 0.09757924, 0.08349978, -0.07281123, 0.022956105, -0.0057286406, 0.097260974, 0.024644386, 0.09409011, 0.098930135, 0.046242163, -0.030073455, 0.033206146, 0.082288, -0.06458792, -0.07287867, 0.06827967, -0.015736636, -0.009235049, -0.02627039, -0.04607254, -0.019583164, -0.073480725, -0.049574632, 0.07811298, -0.097357966, -0.09643012, 0.0930118, -0.07540973, -0.05092208, 0.09521677, -0.078984104, 0.023947753, -0.082908474, -0.08221372, -0.093562014, 0.06332195]","[24.0, -1.0, 145.0, -8.0, -74.0, -32.0, 0.0, 42.0, -47.0, 15.0, -13.0, -71.0, -11.0, 2.0, 10.0, -19.0, 113.0, 15.0, 80.0, 25.0, -29.0, 5.0, 3.0, -1.0, 21.0, -31.0, 115.0, -192.0, -1.0, -5.0, -29.0, -3.0, 137.0, -64.0, -5.0, -5.0, 1.0, 3.0, -50.0, 150.0, -82.0, -33.0, 2.0, -6.0, -1.0, 65.0, 29.0, 0.0, -2.0, -3.0, 1.0, 24.0, -62.0, -99.0, 5.0, 120.0, -10.0, -2.0, 85.0, -2.0, 5.0, 0.0, 8.0, 51.0, -1.0, -80.0, 3.0, 0.0, -113.0, 0.0, -105.0, -20.0, -97.0, 2.0, -64.0, -2.0, -30.0, 0.0, 5.0, 63.0, 5.0, -107.0, -3.0, 11.0, 8.0, 92.0, -3.0, 0.0, -79.0, 17.0, 1.0, -3.0, 1.0, 2.0, -69.0, 128.0, 4.0, -1.0, -1.0, 55.0]",591.7837431681627,0.0,0.0,0,10802.242331504822
9,"[-0.5529657, -0.93227774, -0.4165164, -0.9237254, -0.71737856, 0.27227607, 0.49017015, -0.0639662, 0.20057574, -0.6882299, -0.36640966, 0.4257677, -0.27021778, -0.30237755, -0.6120147, 0.18964975, 0.6190772, -0.06110994, -0.7689215, 0.67673486, -0.8572058, -0.056545254, -0.47784534, 0.8726363, 0.4750864, 0.13281797, 0.33551088, 0.06545453, -0.7047981, 0.41819736, -0.014652096, 0.26861855, -0.9095967, -0.7159304, 0.17874095, -0.081142195, -0.54625267, -0.51847816, 0.26331663, -0.88206595, -0.13148332, 0.04620701, -0.3837148, 0.64109963, -0.88646084, 0.7315656, 0.446526, -0.10749124, 0.84893477, 0.40447658, 0.8620907, -0.05482044, -0.0940538, 0.061485264, -0.8691466, 0.8169885, 0.3354341, 0.23517136, 0.8529271, 0.98727435, -0.67321324, 0.49799398, 0.15989035, -0.07800562, 0.9552252, 0.700526, 0.39349997, -0.23464766, 0.33208162, 0.06338825, -0.5012631, -0.09923735, -0.57557607, 0.00084058644, 0.44047615, -0.92670757, 0.5307594, -0.960012, 0.034555405, 0.14695342, 0.5224869, 0.52205765, -0.16508912, -0.867255, 0.3870003, 0.021972016, -0.33388308, -0.53025246, -0.76048356, -0.409715, -0.08302075, -0.044781663, 0.16547786, -0.27506286, 0.83979577, -0.0082607735, -0.15254992, -0.90366405, 0.19803016, 0.20573787, -0.052781448, 0.09237845, -0.010190533, -0.040721145, -0.036177877, -0.062888496, 0.08211015, -0.04287523, 0.06190635, 0.07141177, 0.004486279, -0.0032403339, -0.08329998, 0.072759196, 0.034889467, -0.05688162, 0.02122456, 0.025019234, 0.055786394, 0.025290484, -0.07109806, -0.08075009, -0.093734466, -0.03583559, -0.05236961, -0.052731425, 0.032004297, -0.034852203, 0.09961573, 0.0028159681, 0.07093808, 0.0059204297, -0.043326933, -0.018222064, 0.061284218, 0.05379769, 0.0188474, -0.033070296, -0.03920594, 0.0878038, 0.027553268, 0.014316232, 0.052769475, 0.0028242439, -0.019147908, -0.09103482, -0.060462695, -0.04129112, -0.091779694, -0.050431266, -0.0992128, -0.08063437, -0.056914777, -0.09442887, -0.09797027, -0.0822071, -0.06479332, -0.03169374, -0.046880722, -0.09638703, -0.025299001, 0.038663853, 0.08208098, -0.05750493, -0.036355086, -0.08222331, -0.07557641, 0.09243929, -0.006474438, -0.03403718, 0.030894862, -0.01648893, 0.026320899, -0.094053276, 0.08846827, -0.049411636, -0.0009806155, -0.016581314, -0.02662527, -0.0795161, 0.0189953, 0.085284404, 0.029754529, -0.021174368, -0.011270755, -0.015032726, -0.019574491, 0.05710395, 0.06332799, 0.06310317, 0.086441316, 0.015354418, 0.022149505, -0.05772383, 0.09050351, -0.007680655, 0.037079282, -0.056951575, 0.031182757, 0.06474492]","[4.0, -1.0, 5.0, -4.0, 0.0, 0.0, 41.0, 46.0, -2.0, 5.0, 2.0, -5.0, -2.0, 8.0, -21.0, -2.0, 1.0, -1.0, 3.0, -17.0, 2.0, -6.0, 1.0, -22.0, 2.0, -2.0, -6.0, 5.0, 14.0, 5.0, 5.0, -1.0, 19.0, 5.0, 0.0, -6.0, 1.0, -3.0, 3.0, 0.0, -1.0, -49.0, 1.0, -1.0, -2.0, 4.0, 0.0, 5.0, 3.0, 0.0, -9.0, -8.0, -14.0, -1.0, 27.0, 19.0, -41.0, -1.0, -2.0, -1.0, 2.0, -1.0, 25.0, 23.0, 0.0, 10.0, 0.0, 0.0, -1.0, 1.0, -35.0, 27.0, -2.0, -1.0, 1.0, 11.0, -35.0, 1.0, 2.0, -1.0, -1.0, 0.0, -36.0, -4.0, 5.0, 2.0, -1.0, 22.0, -3.0, 2.0, 0.0, -32.0, 0.0, -1.0, -1.0, 18.0, -1.0, 0.0, -1.0, -7.0]",38.4141921586414,0.0,0.0,0,10802.225881814957
